{"entities":{"pages":{"Getting-started-with-docker":{"id":"Getting-started-with-docker","title":"Getting started with docker","url":"getting-started-with-docker.html","level":0,"tabIndex":0},"Dockerizing-MongoDB":{"id":"Dockerizing-MongoDB","title":"Dockerizing MongoDB","url":"dockerizing-mongodb.html","level":0,"tabIndex":1},"Dockerizing-PostgreSQL":{"id":"Dockerizing-PostgreSQL","title":"Dockerizing PostgreSQL","url":"dockerizing-postgresql.html","level":0,"tabIndex":2},"Dockerizing-MySQL":{"id":"Dockerizing-MySQL","title":"Dockerizing MySQL","url":"dockerizing-mysql.html","level":0,"tabIndex":3},"Dockerizing MSSQL":{"id":"Dockerizing MSSQL","title":"Dockerizing MSSQL","url":"dockerizing-mssql.html","level":0,"tabIndex":4},"Dockerizing-React-Node-Nginx":{"id":"Dockerizing-React-Node-Nginx","title":"Dockerizing React, Node.js, Postgres \u0026 Nginx \u003cDev \u0026 Prod\u003e","url":"dockerizing-react-node-nginx.html","level":0,"tabIndex":5},"Modern-Context-menus-in-Windows-11":{"id":"Modern-Context-menus-in-Windows-11","title":"Restore the old Context Menu in Windows 11","url":"modern-context-menus-in-windows-11.html","level":0,"tabIndex":6},"Kubernetes Multi Container Deployment":{"id":"Kubernetes Multi Container Deployment","title":"Kubernetes Multi Container Deployment | React | Node.js | Postgres | Ingress Nginx | step by step","url":"kubernetes-multi-container-deployment.html","level":0,"tabIndex":7},"Kubernetes-101":{"id":"Kubernetes-101","title":"What is Kubernetes?","url":"kubernetes-101.html","level":0,"tabIndex":8},"Kubernetes Cheat Sheet":{"id":"Kubernetes Cheat Sheet","title":"Kubernetes Cheat Sheet","url":"kubernetes-cheat-sheet.html","level":0,"tabIndex":9}}},"topLevelIds":["Getting-started-with-docker","Dockerizing-MongoDB","Dockerizing-PostgreSQL","Dockerizing-MySQL","Dockerizing MSSQL","Dockerizing-React-Node-Nginx","Modern-Context-menus-in-Windows-11","Kubernetes Multi Container Deployment","Kubernetes-101","Kubernetes Cheat Sheet"]}