{"entities":{"pages":{"Getting-started-with-docker":{"id":"Getting-started-with-docker","title":"1️⃣ Getting started with docker ️?","url":"getting-started-with-docker.html","level":0,"tabIndex":0},"Dockerizing-MongoDB":{"id":"Dockerizing-MongoDB","title":"2️⃣ Dockerizing MongoDB","url":"dockerizing-mongodb.html","level":0,"tabIndex":1},"Dockerizing-PostgreSQL":{"id":"Dockerizing-PostgreSQL","title":"3️⃣ Dockerizing PostgreSQL","url":"dockerizing-postgresql.html","level":0,"tabIndex":2},"Dockerizing-MySQL":{"id":"Dockerizing-MySQL","title":"4️⃣ Dockerizing MySQL","url":"dockerizing-mysql.html","level":0,"tabIndex":3},"Dockerizing MSSQL":{"id":"Dockerizing MSSQL","title":"5️⃣ Dockerizing MSSQL","url":"dockerizing-mssql.html","level":0,"tabIndex":4},"Dockerizing-React-Node-Nginx":{"id":"Dockerizing-React-Node-Nginx","title":"Dockerizing React, Node.js, Postgres \u0026 Nginx \u003cDev \u0026 Prod\u003e","url":"dockerizing-react-node-nginx.html","level":0,"tabIndex":5},"Modern-Context-menus-in-Windows-11":{"id":"Modern-Context-menus-in-Windows-11","title":"Restore the old Context Menu in Windows 11","url":"modern-context-menus-in-windows-11.html","level":0,"tabIndex":6}}},"topLevelIds":["Getting-started-with-docker","Dockerizing-MongoDB","Dockerizing-PostgreSQL","Dockerizing-MySQL","Dockerizing MSSQL","Dockerizing-React-Node-Nginx","Modern-Context-menus-in-Windows-11"]}